"Time","Event",""
"00:01.159","Valigarmanda prepares  attack  on  Fedrea Reed 22339 (U: 22339)",""
"00:02.141","Valigarmanda attack  Fedrea Reed 22339 (A: 16128) (U: 38467)",""
"00:04.191","Valigarmanda prepares  attack  on  Fedrea Reed 37307 (U: 37307)",""
"00:05.170","Valigarmanda attack  Fedrea Reed 37307 (U: 37307)",""
"00:33.893","Valigarmanda prepares  attack  on  Fedrea Reed 5253 (U: 5253)",""
"00:34.874","Valigarmanda attack  Fedrea Reed 5253 (A: 31763) (U: 37016)",""
"00:47.437","Valigarmanda 1 prepares  Skyruin  on  Nephelia Sol'aria 11849 (U: 20129)--41% damage",""
"00:47.437","Valigarmanda 1 prepares  Skyruin  on  Fedrea Reed--41% damage",""
"00:47.437","Valigarmanda 1 prepares  Skyruin  on Snow Wishzz 11290 (U: 21310)--47% damage",""
"00:47.437","Valigarmanda 1 prepares  Skyruin  on Seraphija Arinsia 7068 (U: 12007)--41% damage",""
"00:47.437","Valigarmanda 1 prepares  Skyruin  on Nej'mii Ulmuhii'e 12394 (U: 21055)--41% damage",""
"00:47.437","Valigarmanda 1 prepares  Skyruin  on Flann Firebrand 3823 (U: 6495)--41% damage",""
"00:47.437","Valigarmanda 1 prepares  Skyruin  on  Hoshi Shoten 12951 (U: 22001)--41% damage",""
"00:47.437","Valigarmanda 1 prepares  Skyruin  on  Varka Das'tral--41% damage",""
"00:47.616","Valigarmanda 1 Skyruin  Nephelia Sol'aria 11849 (A: 30272) (U: 71555, M: 29434, 41.13%)",""
"00:47.661","Valigarmanda 1 Skyruin  Fedrea Reed (A: 25800)",""
"00:47.706","Valigarmanda 1 Skyruin Snow Wishzz 11290 (A: 31300) (U: 80390, M: 37800, 47.02%)",""
"00:47.751","Valigarmanda 1 Skyruin Seraphija Arinsia 7068 (A: 37519) (U: 75744, M: 31157, 41.13%)",""
"00:47.796","Valigarmanda 1 Skyruin Nej'mii Ulmuhii'e 12394 (A: 29280) (U: 70797, M: 29123, 41.14%)",""
"00:47.840","Valigarmanda 1 Skyruin Flann Firebrand 3823 (A: 41936) (U: 77742, M: 31983, 41.14%)",""
"00:47.885","Valigarmanda 1 Skyruin  Hoshi Shoten 12951 (A: 28660) (U: 70689, M: 29078, 41.14%)",""
"00:47.930","Valigarmanda 1 Skyruin  Varka Das'tral (A: 18366)",""
"00:48.822","Multiple Enemies Combined DoTs Snow Wishzz Tick  7566 (U: 7566)",""
"00:48.822","Valigarmanda 1 Burns Snow Wishzz Tick  7566 (U: 14276) (T: 147, C: 25.6%, D: 0.0%, P/R: 1.00, G: 0.53, M: 0.53, S: 169)--47% damage",""
"00:48.822","Multiple Enemies Combined DoTs Seraphija Arinsia Tick  7379 (U: 7379)",""
"00:48.822","Valigarmanda 1 Burns Seraphija Arinsia Tick  7379 (U: 12507) (T: 147, C: 25.6%, D: 0.0%, P/R: 1.00, G: 0.59, M: 0.59, S: 169)--41% damage",""
"00:49.001","Multiple Enemies Combined DoTs  Nephelia Sol'aria Tick  7129 (U: 7129)",""
"00:49.001","Valigarmanda 1 Burns  Nephelia Sol'aria Tick  7129 (U: 12084) (T: 196, C: 25.6%, D: 0.0%, P/R: 1.00, G: 0.59, M: 0.59, S: 226)--41% damage",""
"00:49.001","Multiple Enemies Combined DoTs Flann Firebrand Tick  7531 (U: 7531)",""
"00:49.001","Valigarmanda 1 Burns Flann Firebrand Tick  7531 (U: 12765) (T: 239, C: 25.6%, D: 0.0%, P/R: 1.00, G: 0.59, M: 0.59, S: 276)--41% damage",""
"00:49.045","Multiple Enemies Combined DoTs Nej'mii Ulmuhii'e Tick  7087 (U: 7087)",""
"00:49.045","Valigarmanda 1 Burns Nej'mii Ulmuhii'e Tick  7087 (U: 12012) (T: 196, C: 25.6%, D: 0.0%, P/R: 1.00, G: 0.59, M: 0.59, S: 226)--41% damage",""
"00:49.045","Multiple Enemies Combined DoTs  Hoshi Shoten Tick  7242 (U: 7242)",""
"00:49.045","Valigarmanda 1 Burns  Hoshi Shoten Tick  7242 (U: 12275) (T: 34, C: 25.6%, D: 0.0%, P/R: 1.00, G: 0.59, M: 0.59, S: 39)--41% damage",""
"00:49.089","Multiple Enemies Combined DoTs  Varka Das'tral Tick  (A: 4741)",""
"00:49.089","Valigarmanda 1 Burns  Varka Das'tral Tick  (A: 4741) (T: 44, C: 25.6%, D: 0.0%, P/R: 1.00, G: 0.59, M: 0.59, S: 50)--41% damage",""
"00:49.135","Multiple Enemies Combined DoTs  Fedrea Reed Tick  (A: 4764)",""
"00:49.135","Valigarmanda 1 Burns  Fedrea Reed Tick  (A: 4764) (T: 28, C: 25.6%, D: 0.0%, P/R: 1.00, G: 0.59, M: 0.59, S: 32)--41% damage",""
"00:50.025","Valigarmanda prepares  attack  on  Fedrea Reed 5805 (U: 9862)--41% damage",""
"00:51.006","Valigarmanda attack  Fedrea Reed 5805 (A: 16906) (U: 38584, M: 15873, 41.14%)",""
"00:51.808","Multiple Enemies Combined DoTs Snow Wishzz Tick  (A: 7662)",""
"00:51.808","Valigarmanda 1 Burns Snow Wishzz Tick  (A: 7662) (T: 147, C: 25.6%, D: 0.0%, P/R: 1.00, G: 0.53, M: 0.53, S: 169)--47% damage",""
"00:51.808","Multiple Enemies Combined DoTs Seraphija Arinsia Tick  (A: 7319)",""
"00:51.808","Valigarmanda 1 Burns Seraphija Arinsia Tick  (A: 7319) (T: 147, C: 25.6%, D: 0.0%, P/R: 1.00, G: 0.59, M: 0.59, S: 169)--41% damage",""
"00:51.987","Multiple Enemies Combined DoTs  Nephelia Sol'aria Tick  (A: 7267)",""
"00:51.987","Valigarmanda 1 Burns  Nephelia Sol'aria Tick  (A: 7267) (T: 196, C: 25.6%, D: 0.0%, P/R: 1.00, G: 0.59, M: 0.59, S: 226)--41% damage",""
"00:51.987","Multiple Enemies Combined DoTs Flann Firebrand Tick  (A: 7541)",""
"00:51.987","Valigarmanda 1 Burns Flann Firebrand Tick  (A: 7541) (T: 239, C: 25.6%, D: 0.0%, P/R: 1.00, G: 0.59, M: 0.59, S: 276)--41% damage",""
"00:52.031","Multiple Enemies Combined DoTs Nej'mii Ulmuhii'e Tick  (A: 7104)",""
"00:52.031","Valigarmanda 1 Burns Nej'mii Ulmuhii'e Tick  (A: 7104) (T: 196, C: 25.6%, D: 0.0%, P/R: 1.00, G: 0.59, M: 0.59, S: 226)--41% damage",""
"00:52.031","Multiple Enemies Combined DoTs  Hoshi Shoten Tick  (A: 7107)",""
"00:52.031","Valigarmanda 1 Burns  Hoshi Shoten Tick  (A: 7107) (T: 34, C: 25.6%, D: 0.0%, P/R: 1.00, G: 0.59, M: 0.59, S: 39)--41% damage",""
"00:52.076","Multiple Enemies Combined DoTs  Varka Das'tral Tick  (A: 4741)",""
"00:52.076","Valigarmanda 1 Burns  Varka Das'tral Tick  (A: 4741) (T: 44, C: 25.6%, D: 0.0%, P/R: 1.00, G: 0.59, M: 0.59, S: 50)--41% damage",""
"00:52.120","Multiple Enemies Combined DoTs  Fedrea Reed Tick  (A: 4764)",""
"00:52.120","Valigarmanda 1 Burns  Fedrea Reed Tick  (A: 4764) (T: 28, C: 25.6%, D: 0.0%, P/R: 1.00, G: 0.59, M: 0.59, S: 32)--41% damage",""
"00:54.796","Multiple Enemies Combined DoTs Snow Wishzz Tick  (A: 7662)",""
"00:54.796","Valigarmanda 1 Burns Snow Wishzz Tick  (A: 7662) (T: 147, C: 25.6%, D: 0.0%, P/R: 1.00, G: 0.53, M: 0.53, S: 169)--47% damage",""
"00:54.796","Multiple Enemies Combined DoTs Seraphija Arinsia Tick  (A: 7319)",""
"00:54.796","Valigarmanda 1 Burns Seraphija Arinsia Tick  (A: 7319) (T: 147, C: 25.6%, D: 0.0%, P/R: 1.00, G: 0.59, M: 0.59, S: 169)--41% damage",""
"00:54.973","Multiple Enemies Combined DoTs  Nephelia Sol'aria Tick  (A: 7267)",""
"00:54.973","Valigarmanda 1 Burns  Nephelia Sol'aria Tick  (A: 7267) (T: 196, C: 25.6%, D: 0.0%, P/R: 1.00, G: 0.59, M: 0.59, S: 226)--41% damage",""
"00:54.973","Multiple Enemies Combined DoTs Flann Firebrand Tick  (A: 7541)",""
"00:54.973","Valigarmanda 1 Burns Flann Firebrand Tick  (A: 7541) (T: 239, C: 25.6%, D: 0.0%, P/R: 1.00, G: 0.59, M: 0.59, S: 276)--41% damage",""
"00:55.016","Multiple Enemies Combined DoTs Nej'mii Ulmuhii'e Tick  (A: 7104)",""
"00:55.016","Valigarmanda 1 Burns Nej'mii Ulmuhii'e Tick  (A: 7104) (T: 196, C: 25.6%, D: 0.0%, P/R: 1.00, G: 0.59, M: 0.59, S: 226)--41% damage",""
"00:55.016","Multiple Enemies Combined DoTs  Hoshi Shoten Tick  (A: 7107)",""
"00:55.016","Valigarmanda 1 Burns  Hoshi Shoten Tick  (A: 7107) (T: 34, C: 25.6%, D: 0.0%, P/R: 1.00, G: 0.59, M: 0.59, S: 39)--41% damage",""
"00:55.061","Multiple Enemies Combined DoTs  Varka Das'tral Tick  (A: 4741)",""
"00:55.061","Valigarmanda 1 Burns  Varka Das'tral Tick  (A: 4741) (T: 44, C: 25.6%, D: 0.0%, P/R: 1.00, G: 0.59, M: 0.59, S: 50)--41% damage",""
"00:55.106","Multiple Enemies Combined DoTs  Fedrea Reed Tick  (A: 4764)",""
"00:55.106","Valigarmanda 1 Burns  Fedrea Reed Tick  (A: 4764) (T: 28, C: 25.6%, D: 0.0%, P/R: 1.00, G: 0.59, M: 0.59, S: 32)--41% damage",""
"00:56.041","Valigarmanda prepares  Triscourge  on Flann Firebrand 50017 (U: 72647)--31% damage",""
"00:56.041","Valigarmanda prepares  Triscourge  on Seraphija Arinsia 48339 (U: 70210)--31% damage",""
"00:56.041","Valigarmanda prepares  Triscourge  on  Nephelia Sol'aria 42966 (U: 62406)--31% damage",""
"00:56.041","Valigarmanda prepares  Triscourge  on Snow Wishzz 53198 (U: 77267)--31% damage",""
"00:56.041","Valigarmanda prepares  Triscourge  on  Fedrea Reed 5455 (U: 7924)--31% damage",""
"00:56.041","Valigarmanda prepares  Triscourge  on Nej'mii Ulmuhii'e 42967 (U: 62407)--31% damage",""
"00:56.041","Valigarmanda prepares  Triscourge  on  Hoshi Shoten 45336 (U: 59263)--23% damage",""
"00:56.041","Valigarmanda prepares  Triscourge  on  Varka Das'tral 24931 (U: 32590)--23% damage",""
"00:57.022","Valigarmanda Triscourge Flann Firebrand 50017 (A: 2349) (U: 76059, M: 23693, 31.15%)",""
"00:57.067","Valigarmanda Triscourge Seraphija Arinsia 48339 (A: 3290) (U: 74989, M: 23360, 31.15%)",""
"00:57.111","Valigarmanda Triscourge  Nephelia Sol'aria 42966 (A: 3347) (U: 67268, M: 20955, 31.15%)",""
"00:57.156","Valigarmanda Triscourge Snow Wishzz 53198 (A: 2874) (U: 81442, M: 25370, 31.15%)",""
"00:57.200","Valigarmanda Triscourge  Fedrea Reed 5455 (A: 26061) (U: 45782, M: 14266, 31.16%)",""
"00:57.244","Valigarmanda Triscourge Nej'mii Ulmuhii'e 42967 (A: 4119) (U: 68390, M: 21304, 31.15%)",""
"00:57.289","Valigarmanda Triscourge  Hoshi Shoten 45336 (A: 4218) (U: 64777, M: 15223, 23.50%)",""
"00:57.333","Valigarmanda Triscourge  Varka Das'tral 24931 (A: 8806) (U: 44102, M: 10365, 23.50%)",""
"00:57.823","Multiple Enemies Combined DoTs Snow Wishzz Tick  7757 (U: 7757)",""
"00:57.823","Valigarmanda 1 Burns Snow Wishzz Tick  7757 (U: 14636) (T: 147, C: 25.6%, D: 0.0%, P/R: 1.00, G: 0.53, M: 0.53, S: 169)--47% damage",""
"00:57.823","Multiple Enemies Combined DoTs Seraphija Arinsia Tick  7257 (U: 7257)",""
"00:57.823","Valigarmanda 1 Burns Seraphija Arinsia Tick  7257 (U: 12300) (T: 147, C: 25.6%, D: 0.0%, P/R: 1.00, G: 0.59, M: 0.59, S: 169)--41% damage",""
"00:58.002","Multiple Enemies Combined DoTs  Nephelia Sol'aria Tick  7403 (U: 7403)",""
"00:58.002","Valigarmanda 1 Burns  Nephelia Sol'aria Tick  7403 (U: 12548) (T: 196, C: 25.6%, D: 0.0%, P/R: 1.00, G: 0.59, M: 0.59, S: 226)--41% damage",""
"00:58.002","Multiple Enemies Combined DoTs Flann Firebrand Tick  7550 (U: 7550)",""
"00:58.002","Valigarmanda 1 Burns Flann Firebrand Tick  7550 (U: 12797) (T: 239, C: 25.6%, D: 0.0%, P/R: 1.00, G: 0.59, M: 0.59, S: 276)--41% damage",""
"00:58.046","Multiple Enemies Combined DoTs Nej'mii Ulmuhii'e Tick  7119 (U: 7119)",""
"00:58.046","Valigarmanda 1 Burns Nej'mii Ulmuhii'e Tick  7119 (U: 12067) (T: 196, C: 25.6%, D: 0.0%, P/R: 1.00, G: 0.59, M: 0.59, S: 226)--41% damage",""
"00:58.046","Multiple Enemies Combined DoTs  Hoshi Shoten Tick  6970 (U: 6970)",""
"00:58.046","Valigarmanda 1 Burns  Hoshi Shoten Tick  6970 (U: 11814) (T: 34, C: 25.6%, D: 0.0%, P/R: 1.00, G: 0.59, M: 0.59, S: 39)--41% damage",""
"00:58.091","Multiple Enemies Combined DoTs  Varka Das'tral Tick  4740 (U: 4740)",""
"00:58.091","Valigarmanda 1 Burns  Varka Das'tral Tick  4740 (U: 8034) (T: 44, C: 25.6%, D: 0.0%, P/R: 1.00, G: 0.59, M: 0.59, S: 50)--41% damage",""
"00:58.135","Multiple Enemies Combined DoTs  Fedrea Reed Tick  4763 (U: 4763)",""
"00:58.135","Valigarmanda 1 Burns  Fedrea Reed Tick  4763 (U: 8073) (T: 28, C: 25.6%, D: 0.0%, P/R: 1.00, G: 0.59, M: 0.59, S: 32)--41% damage",""
"01:01.120","Valigarmanda prepares  attack  on  Fedrea Reed 37038 (U: 37038)",""
"01:02.100","Valigarmanda attack  Fedrea Reed 37038 (U: 37038)",""
"01:04.152","Valigarmanda prepares  attack  on  Fedrea Reed 12886 (U: 12886)",""
"01:05.134","Valigarmanda attack  Fedrea Reed 12886 (A: 26307) (U: 39193)",""
"01:07.182","Valigarmanda prepares  attack  on  Fedrea Reed 38465 (U: 38465)",""
"01:08.162","Valigarmanda attack  Fedrea Reed 38465 (U: 38465)",""
"01:18.185","Valigarmanda 5 prepares  Charring Cataclysm  on Snow Wishzz 64151 (U: 79199)--19% damage",""
"01:18.185","Valigarmanda 5 prepares  Charring Cataclysm  on  Varka Das'tral 29005 (U: 32228)--10% damage",""
"01:18.187","Valigarmanda 2 prepares  Charring Cataclysm  on Flann Firebrand 70717 (U: 78575)--10% damage",""
"01:18.187","Valigarmanda 2 prepares  Charring Cataclysm  on  Fedrea Reed 39568 (U: 43965)--10% damage",""
"01:18.187","Valigarmanda 3 prepares  Charring Cataclysm  on Seraphija Arinsia 66807 (U: 74230)--10% damage",""
"01:18.187","Valigarmanda 3 prepares  Charring Cataclysm  on  Hoshi Shoten 58514 (U: 65016)--10% damage",""
"01:18.187","Valigarmanda 4 prepares  Charring Cataclysm  on Nej'mii Ulmuhii'e 57161 (U: 63513)--10% damage",""
"01:18.187","Valigarmanda 4 prepares  Charring Cataclysm  on  Nephelia Sol'aria 52229 (U: 58033)--10% damage",""
"01:18.810","Valigarmanda 5 Charring Cataclysm Snow Wishzz 64151 (A: 17600) (U: 100928, M: 19177, 19.00%)",""
"01:18.810","Valigarmanda 2 Charring Cataclysm Flann Firebrand 70717 (A: 17722) (U: 98267, M: 9828, 10.00%)",""
"01:18.810","Valigarmanda 3 Charring Cataclysm Seraphija Arinsia 66807 (A: 17514) (U: 93690, M: 9369, 10.00%)",""
"01:18.810","Valigarmanda 4 Charring Cataclysm Nej'mii Ulmuhii'e 57161 (A: 25819) (U: 92202, M: 9222, 10.00%)",""
"01:18.854","Valigarmanda 5 Charring Cataclysm  Varka Das'tral 29005 (A: 24969) (U: 59972, M: 5998, 10.00%)",""
"01:18.854","Valigarmanda 2 Charring Cataclysm  Fedrea Reed 39568 (A: 16718) (U: 62541, M: 6255, 10.00%)",""
"01:18.854","Valigarmanda 3 Charring Cataclysm  Hoshi Shoten 58514 (A: 25477) (U: 93324, M: 9333, 10.00%)",""
"01:18.854","Valigarmanda 4 Charring Cataclysm  Nephelia Sol'aria 52229 (A: 27630) (U: 88734, M: 8875, 10.00%)",""
"01:23.222","Valigarmanda prepares  attack  on  Fedrea Reed 8349 (U: 9277)--10% damage",""
"01:24.202","Valigarmanda attack  Fedrea Reed 8349 (A: 25628) (U: 37754, M: 3777, 10.00%)",""
"01:26.250","Valigarmanda prepares  attack  on  Fedrea Reed 34636 (U: 38485)--10% damage",""
"01:27.233","Valigarmanda attack  Fedrea Reed 34636 (U: 38485, M: 3849, 10.00%)",""
"01:38.905","Valigarmanda 1 prepares  Mountain Fire  on  Fedrea Reed 36820 (U: 53479)--31% damage",""
"01:39.083","Valigarmanda 1 Mountain Fire  Fedrea Reed 36820 (A: 84995) (U: 176930, M: 55115, 31.15%)",""
"01:40.106","Multiple Enemies Combined DoTs  Fedrea Reed Tick  17806 (U: 17806)",""
"01:40.106","Valigarmanda 1 Burns  Fedrea Reed Tick  17806 (U: 25806) (T: 35, C: 25.6%, D: 0.0%, P/R: 1.00, G: 0.69, M: 0.69, S: 40)--31% damage",""
"01:43.139","Multiple Enemies Combined DoTs  Fedrea Reed Tick  2640 (A: 16070) (U: 18710)",""
"01:43.139","Valigarmanda 1 Burns  Fedrea Reed Tick  2640 (A: 16070) (U: 27123) (T: 35, C: 25.6%, D: 0.0%, P/R: 1.00, G: 0.69, M: 0.69, S: 40)--31% damage",""
"01:43.894","Valigarmanda 1 prepares  Mountain Fire  on  Varka Das'tral 24516 (U: 30645)--20% damage",""
"01:44.073","Valigarmanda 1 Mountain Fire  Varka Das'tral 24516 (A: 101506) (U: 157528, M: 31506, 20.00%)",""
"01:46.076","Multiple Enemies Combined DoTs  Varka Das'tral Tick  6876 (A: 14409) (U: 21285)",""
"01:46.076","Valigarmanda 1 Burns  Varka Das'tral Tick  6876 (A: 14409) (U: 26607) (T: 180, C: 25.6%, D: 0.0%, P/R: 1.00, G: 0.80, M: 0.8, S: 207)--20% damage",""
"01:48.929","Valigarmanda 1 prepares  Mountain Fire  on  Fedrea Reed 56150 (U: 115535)--51% damage",""
"01:49.064","Multiple Enemies Combined DoTs  Varka Das'tral Tick  5830 (A: 14409) (U: 20239)",""
"01:49.064","Valigarmanda 1 Burns  Varka Das'tral Tick  5830 (A: 14409) (U: 25301) (T: 180, C: 25.6%, D: 0.0%, P/R: 1.00, G: 0.80, M: 0.8, S: 207)--20% damage",""
"01:49.109","Valigarmanda 1 Mountain Fire  Fedrea Reed 56150 (A: 24013) (U: 164945, M: 84782, 51.40%)",""
"01:49.109","Multiple Enemies Combined DoTs  Fedrea Reed Tick  13065 (U: 13065)",""
"01:49.109","Valigarmanda 1 Burns  Fedrea Reed Tick  13065 (U: 26664) (T: 235, C: 25.6%, D: 0.0%, P/R: 1.00, G: 0.49, M: 0.49, S: 271)--51% damage",""
"01:52.141","Multiple Enemies Combined DoTs  Fedrea Reed Tick  12787 (U: 12787)",""
"01:52.141","Valigarmanda 1 Burns  Fedrea Reed Tick  12787 (U: 26096) (T: 235, C: 25.6%, D: 0.0%, P/R: 1.00, G: 0.49, M: 0.49, S: 271)--51% damage",""
"01:53.970","Valigarmanda 1 prepares  Mountain Fire  on  Varka Das'tral 62145 (U: 129469)--52% damage",""
"01:54.148","Valigarmanda 1 Mountain Fire  Varka Das'tral 62145 (A: 14409) (U: 159488, M: 82934, 52.00%)",""
"01:55.084","Multiple Enemies Combined DoTs  Varka Das'tral Tick  (A: 9680)",""
"01:55.084","Valigarmanda 1 Burns  Varka Das'tral Tick  (A: 9680) (T: 211, C: 25.6%, D: 0.0%, P/R: 1.00, G: 0.48, M: 0.48, S: 243)--52% damage",""
"01:58.070","Multiple Enemies Combined DoTs  Varka Das'tral Tick  (A: 8647)",""
"01:58.070","Valigarmanda 1 Burns  Varka Das'tral Tick  (A: 8647) (T: 211, C: 25.6%, D: 0.0%, P/R: 1.00, G: 0.48, M: 0.48, S: 243)--52% damage",""
"01:59.003","Valigarmanda 1 prepares  Mountain Fire  on  Fedrea Reed 32212 (U: 67109)--52% damage",""
"01:59.183","Valigarmanda 1 Mountain Fire  Fedrea Reed 32212 (A: 47459) (U: 165983, M: 86312, 52.00%)",""
"02:01.144","Multiple Enemies Combined DoTs  Fedrea Reed Tick  12883 (U: 12883)",""
"02:01.144","Valigarmanda 1 Burns  Fedrea Reed Tick  12883 (U: 26840) (T: 74, C: 25.6%, D: 0.0%, P/R: 1.00, G: 0.48, M: 0.48, S: 85)--52% damage",""
"02:04.035","Valigarmanda 1 prepares  Mountain Fire  on  Varka Das'tral 36228 (U: 67089)--46% damage",""
"02:04.124","Multiple Enemies Combined DoTs  Fedrea Reed Tick  5407 (A: 7883) (U: 13290)",""
"02:04.124","Valigarmanda 1 Burns  Fedrea Reed Tick  5407 (A: 7883) (U: 27689) (T: 74, C: 25.6%, D: 0.0%, P/R: 1.00, G: 0.48, M: 0.48, S: 85)--52% damage",""
"02:04.213","Valigarmanda 1 Mountain Fire  Varka Das'tral 36228 (A: 45915) (U: 152117, M: 69974, 46.00%)",""
"02:07.062","Multiple Enemies Combined DoTs  Varka Das'tral Tick  (A: 10890)",""
"02:07.062","Valigarmanda 1 Burns  Varka Das'tral Tick  (A: 10890) (T: 205, C: 25.6%, D: 0.0%, P/R: 1.00, G: 0.54, M: 0.54, S: 236)--46% damage",""
"02:08.620","Valigarmanda prepares  attack  on  Fedrea Reed 6666 (U: 9259)--28% damage",""
"02:09.602","Valigarmanda attack  Fedrea Reed 6666 (A: 19188) (U: 35911, M: 10057, 28.01%)",""
"02:10.093","Multiple Enemies Combined DoTs  Varka Das'tral Tick  (A: 10890)",""
"02:10.093","Valigarmanda 1 Burns  Varka Das'tral Tick  (A: 10890) (T: 205, C: 25.6%, D: 0.0%, P/R: 1.00, G: 0.54, M: 0.54, S: 236)--46% damage",""
"02:11.654","Valigarmanda prepares  attack  on  Fedrea Reed 19576 (U: 37297)--48% damage",""
"02:12.634","Valigarmanda attack  Fedrea Reed 19576 (U: 37297, M: 17721, 47.51%)",""
"02:13.035","Valigarmanda 2 prepares  Scourge of Fire  on  Hoshi Shoten 25264 (U: 38507)--34% damage",""
"02:13.035","Valigarmanda 2 prepares  Scourge of Fire  on Seraphija Arinsia 29705 (U: 45276)--34% damage",""
"02:13.035","Valigarmanda 2 prepares  Scourge of Fire  on Flann Firebrand 21848 (U: 33300)--34% damage",""
"02:13.035","Valigarmanda 2 prepares  Scourge of Fire  on  Fedrea Reed 12728 (U: 24250)--48% damage",""
"02:13.035","Valigarmanda 1 prepares  Scourge of Fire  on  Nephelia Sol'aria 18315 (U: 27915)--34% damage",""
"02:13.035","Valigarmanda 1 prepares  Scourge of Fire  on Snow Wishzz 13929 (U: 23589)--41% damage",""
"02:13.035","Valigarmanda 1 prepares  Scourge of Fire  on Nej'mii Ulmuhii'e 18232 (U: 27789)--34% damage",""
"02:13.035","Valigarmanda 1 prepares  Scourge of Fire  on  Varka Das'tral 10461 (U: 15945)--34% damage",""
"02:13.659","Valigarmanda 2 Scourge of Fire  Hoshi Shoten 25264 (A: 36389) (U: 93971, M: 32318, 34.39%)",""
"02:13.659","Valigarmanda 1 Scourge of Fire  Nephelia Sol'aria 18315 (A: 45414) (U: 97134, M: 33405, 34.39%)",""
"02:13.702","Valigarmanda 2 Scourge of Fire Seraphija Arinsia 29705 (A: 36396) (U: 100751, M: 34650, 34.39%)",""
"02:13.702","Valigarmanda 1 Scourge of Fire Snow Wishzz 13929 (A: 45551) (U: 100731, M: 41251, 40.95%)",""
"02:13.748","Valigarmanda 2 Scourge of Fire Flann Firebrand 21848 (A: 36479) (U: 88901, M: 30574, 34.39%)",""
"02:13.748","Valigarmanda 1 Scourge of Fire Nej'mii Ulmuhii'e 18232 (A: 45054) (U: 96460, M: 33174, 34.39%)",""
"02:13.792","Valigarmanda 2 Scourge of Fire  Fedrea Reed 12728 (A: 22676) (U: 67454, M: 32050, 47.51%)",""
"02:13.792","Valigarmanda 1 Scourge of Fire  Varka Das'tral 10461 (A: 33534) (U: 67059, M: 23064, 34.39%)",""
"02:14.681","Valigarmanda prepares  attack  on  Fedrea Reed 400 (U: 763)--48% damage",""
"02:15.661","Valigarmanda attack  Fedrea Reed 400 (A: 18770) (U: 36567, M: 17397, 47.58%)",""
"02:15.795","Multiple Enemies Combined DoTs Seraphija Arinsia Tick  77080 (A: 29498) (U: 106578)",""
"02:15.795","Environment Burns Seraphija Arinsia Tick  77080 (A: 29498) (U: 131579) (T: 1, C: 0%, D: 0.0%, P/R: 1.00, G: 0.81, M: 0.81, S: 1)--19% damage",""
"02:16.017","Multiple Enemies Combined DoTs Nej'mii Ulmuhii'e Tick  13256 (A: 36361) (U: 49617)",""
"02:16.017","Environment Burns Nej'mii Ulmuhii'e Tick  13256 (A: 36361) (U: 61258) (T: 1, C: 0%, D: 0.0%, P/R: 1.00, G: 0.81, M: 0.81, S: 1)--19% damage",""
"02:16.107","Valigarmanda 2 prepares  Scourge of Fire  on  Hoshi Shoten 30887 (U: 47077)--34% damage",""
"02:16.107","Valigarmanda 2 prepares  Scourge of Fire  on Flann Firebrand 25269 (U: 38514)--34% damage",""
"02:16.107","Valigarmanda 2 prepares  Scourge of Fire  on  Fedrea Reed 14304 (U: 27252)--48% damage",""
"02:16.107","Valigarmanda 2 prepares  Scourge of Fire  on Seraphija Arinsia 67620 (U: 103064)--34% damage",""
"02:16.107","Valigarmanda 1 prepares  Scourge of Fire  on  Nephelia Sol'aria 21745 (U: 33143)--34% damage",""
"02:16.107","Valigarmanda 1 prepares  Scourge of Fire  on Snow Wishzz 26603 (U: 40548)--34% damage",""
"02:16.107","Valigarmanda 1 prepares  Scourge of Fire  on Nej'mii Ulmuhii'e 62723 (U: 95600)--34% damage",""
"02:16.107","Valigarmanda 1 prepares  Scourge of Fire  on  Varka Das'tral--34% damage",""
"02:16.108","Multiple Enemies Combined DoTs  Fedrea Reed Tick  52765 (U: 52765)",""
"02:16.108","Environment Burns  Fedrea Reed Tick  52765 (U: 81177) (T: 1, C: 0%, D: 0.0%, P/R: 1.00, G: 0.65, M: 0.65, S: 1)--35% damage",""
"02:16.731","Valigarmanda 2 Scourge of Fire  Hoshi Shoten 30887 (A: 27965) (U: 89701, M: 30849, 34.39%)",""
"02:16.731","Valigarmanda 1 Scourge of Fire  Nephelia Sol'aria 21745 (A: 37113) (U: 89710, M: 30852, 34.39%)",""
"02:16.775","Valigarmanda 2 Scourge of Fire Flann Firebrand 25269 (A: 38566) (U: 97295, M: 33460, 34.39%)",""
"02:16.775","Valigarmanda 1 Scourge of Fire Snow Wishzz 26603 (A: 29550) (U: 85588, M: 29435, 34.39%)",""
"02:16.819","Valigarmanda 2 Scourge of Fire  Fedrea Reed 14304 (A: 18882) (U: 63227, M: 30041, 47.51%)",""
"02:16.819","Valigarmanda 1 Scourge of Fire Nej'mii Ulmuhii'e 62723 (U: 95600, M: 32877, 34.39%)",""
"02:16.864","Valigarmanda 2 Scourge of Fire Seraphija Arinsia 54069 (O: 13551) (U: 103064, M: 35444, 34.39%)",""
"02:16.864","Valigarmanda 1 Scourge of Fire  Varka Das'tral (A: 39375)",""
"02:17.709","Valigarmanda prepares  attack  on  Fedrea Reed 20160 (U: 38409)--48% damage",""
"02:18.688","Valigarmanda attack  Fedrea Reed 20160 (U: 38409, M: 18249, 47.51%)",""
"02:19.045","Multiple Enemies Combined DoTs Nej'mii Ulmuhii'e Tick  37925 (A: 15987) (U: 53912)",""
"02:19.045","Environment Burns Nej'mii Ulmuhii'e Tick  37925 (A: 15987) (U: 66559) (T: 1, C: 0%, D: 0.0%, P/R: 1.00, G: 0.81, M: 0.81, S: 1)--19% damage",""
"02:19.133","Multiple Enemies Combined DoTs  Fedrea Reed Tick  34488 (A: 19177) (U: 53665)",""
"02:19.133","Environment Burns  Fedrea Reed Tick  34488 (A: 19177) (U: 82563) (T: 1, C: 0%, D: 0.0%, P/R: 1.00, G: 0.65, M: 0.65, S: 1)--35% damage",""
"02:19.179","Valigarmanda 2 prepares  Scourge of Fire  on  Hoshi Shoten 62444 (U: 95175)--34% damage",""
"02:19.179","Valigarmanda 2 prepares  Scourge of Fire  on Flann Firebrand 68655 (U: 104642)--34% damage",""
"02:19.179","Valigarmanda 2 prepares  Scourge of Fire  on  Fedrea Reed 58392 (U: 88999)--34% damage",""
"02:19.179","Valigarmanda 1 prepares  Scourge of Fire  on  Nephelia Sol'aria 37277 (U: 56817)--34% damage",""
"02:19.179","Valigarmanda 1 prepares  Scourge of Fire  on Nej'mii Ulmuhii'e 61479 (U: 93704)--34% damage",""
"02:19.179","Valigarmanda 1 prepares  Scourge of Fire  on Snow Wishzz 43634 (U: 66506)--34% damage",""
"02:19.179","Valigarmanda 1 prepares  Scourge of Fire  on  Varka Das'tral 14048 (U: 21412)--34% damage",""
"02:19.804","Valigarmanda 2 Scourge of Fire  Hoshi Shoten 62444 (A: 15843) (U: 119323, M: 41036, 34.39%)",""
"02:19.804","Valigarmanda 1 Scourge of Fire  Nephelia Sol'aria 37277 (A: 24764) (U: 94562, M: 32521, 34.39%)",""
"02:19.849","Valigarmanda 2 Scourge of Fire Flann Firebrand 68655 (A: 16347) (U: 129558, M: 44556, 34.39%)",""
"02:19.849","Valigarmanda 1 Scourge of Fire Nej'mii Ulmuhii'e 61479 (U: 93704, M: 32225, 34.39%)",""
"02:19.893","Valigarmanda 2 Scourge of Fire  Fedrea Reed 58392 (U: 88999, M: 30607, 34.39%)",""
"02:19.893","Valigarmanda 1 Scourge of Fire Snow Wishzz 43634 (A: 16783) (U: 92087, M: 31670, 34.39%)",""
"02:19.937","Valigarmanda 1 Scourge of Fire  Varka Das'tral 14048 (A: 25326) (U: 60014, M: 20640, 34.39%)",""
"02:20.739","Valigarmanda prepares  attack  on  Fedrea Reed 7528 (U: 11474)--34% damage",""
"02:21.717","Valigarmanda attack  Fedrea Reed 7528 (A: 16084) (U: 35989, M: 12377, 34.39%)",""
"02:22.030","Multiple Enemies Combined DoTs Nej'mii Ulmuhii'e Tick  52415 (U: 52415)",""
"02:22.030","Environment Burns Nej'mii Ulmuhii'e Tick  52415 (U: 64710) (T: 1, C: 0%, D: 0.0%, P/R: 1.00, G: 0.81, M: 0.81, S: 1)--19% damage",""
"02:22.119","Multiple Enemies Combined DoTs  Fedrea Reed Tick  54470 (U: 54470)",""
"02:22.119","Environment Burns  Fedrea Reed Tick  54470 (U: 83800) (T: 1, C: 0%, D: 0.0%, P/R: 1.00, G: 0.65, M: 0.65, S: 1)--35% damage",""
"02:23.768","Valigarmanda prepares  attack  on  Fedrea Reed 28489 (U: 39080)--27% damage",""
"02:24.749","Valigarmanda attack  Fedrea Reed 28489 (U: 39080, M: 10591, 27.10%)",""
"02:25.018","Multiple Enemies Combined DoTs Nej'mii Ulmuhii'e Tick  49667 (U: 49667)",""
"02:25.018","Environment Burns Nej'mii Ulmuhii'e Tick  49667 (U: 61318) (T: 1, C: 0%, D: 0.0%, P/R: 1.00, G: 0.81, M: 0.81, S: 1)--19% damage",""
"02:25.107","Multiple Enemies Combined DoTs  Fedrea Reed Tick  54787 (U: 54787)",""
"02:25.107","Environment Burns  Fedrea Reed Tick  54787 (U: 84288) (T: 1, C: 0%, D: 0.0%, P/R: 1.00, G: 0.65, M: 0.65, S: 1)--35% damage",""
"02:26.799","Valigarmanda prepares  attack  on  Fedrea Reed 17782 (U: 19758)--10% damage",""
"02:27.783","Valigarmanda attack  Fedrea Reed 17782 (A: 16210) (U: 37770, M: 3778, 10.00%)",""
"02:28.049","Multiple Enemies Combined DoTs Nej'mii Ulmuhii'e Tick  27391 (A: 26031) (U: 53422)",""
"02:28.049","Environment Burns Nej'mii Ulmuhii'e Tick  27391 (A: 26031) (U: 65955) (T: 1, C: 0%, D: 0.0%, P/R: 1.00, G: 0.81, M: 0.81, S: 1)--19% damage",""
"02:28.138","Multiple Enemies Combined DoTs  Fedrea Reed Tick  50712 (U: 50712)",""
"02:28.138","Environment Burns  Fedrea Reed Tick  50712 (U: 78019) (T: 1, C: 0%, D: 0.0%, P/R: 1.00, G: 0.65, M: 0.65, S: 1)--35% damage",""
"02:29.831","Valigarmanda prepares  attack  on  Fedrea Reed 25088 (U: 38583)--35% damage",""
"02:30.811","Valigarmanda attack  Fedrea Reed 25088 (U: 38583, M: 13495, 34.98%)",""
"02:32.863","Valigarmanda prepares  attack  on  Fedrea Reed 28041 (U: 36655)--23% damage",""
"02:33.842","Valigarmanda attack  Fedrea Reed 28041 (U: 36655, M: 8614, 23.50%)",""
"02:35.892","Valigarmanda prepares  attack  on  Fedrea Reed 271 (U: 302)--10% damage",""
"02:36.871","Valigarmanda attack  Fedrea Reed 271 (A: 35185) (U: 39512, M: 4056, 10.27%)",""
"02:38.923","Valigarmanda prepares  attack  on  Fedrea Reed",""
"02:39.904","Valigarmanda attack  Fedrea Reed (A: 38492)",""
"02:48.947","Valigarmanda 5 prepares  Charring Cataclysm  on  Hoshi Shoten 66606 (U: 74007)--10% damage",""
"02:48.947","Valigarmanda 5 prepares  Charring Cataclysm  on Seraphija Arinsia 59063 (U: 65626)--10% damage",""
"02:48.947","Valigarmanda 2 prepares  Charring Cataclysm  on  Varka Das'tral 27327 (U: 30364)--10% damage",""
"02:48.947","Valigarmanda 2 prepares  Charring Cataclysm  on Snow Wishzz 45412 (U: 56065)--19% damage",""
"02:48.947","Valigarmanda 3 prepares  Charring Cataclysm  on  Fedrea Reed 25213 (U: 28015)--10% damage",""
"02:48.947","Valigarmanda 3 prepares  Charring Cataclysm  on Flann Firebrand 64235 (U: 71373)--10% damage",""
"02:48.947","Valigarmanda 4 prepares  Charring Cataclysm  on  Nephelia Sol'aria 53778 (U: 59754)--10% damage",""
"02:48.947","Valigarmanda 4 prepares  Charring Cataclysm  on Nej'mii Ulmuhii'e 63685 (U: 70762)--10% damage",""
"02:49.572","Valigarmanda 5 Charring Cataclysm  Hoshi Shoten 66606 (A: 21362) (U: 97743, M: 9775, 10.00%)",""
"02:49.572","Valigarmanda 2 Charring Cataclysm  Varka Das'tral 27327 (A: 25873) (U: 59113, M: 5913, 10.00%)",""
"02:49.572","Valigarmanda 3 Charring Cataclysm  Fedrea Reed 25213 (A: 32013) (U: 63586, M: 6360, 10.00%)",""
"02:49.572","Valigarmanda 4 Charring Cataclysm  Nephelia Sol'aria 53778 (A: 32875) (U: 96283, M: 9630, 10.00%)",""
"02:49.615","Valigarmanda 5 Charring Cataclysm Seraphija Arinsia 59063 (A: 30556) (U: 99578, M: 9959, 10.00%)",""
"02:49.615","Valigarmanda 2 Charring Cataclysm Snow Wishzz 45412 (A: 33051) (U: 96870, M: 18407, 19.00%)",""
"02:49.616","Valigarmanda 3 Charring Cataclysm Flann Firebrand 64235 (A: 21297) (U: 95037, M: 9505, 10.00%)",""
"02:49.616","Valigarmanda 4 Charring Cataclysm Nej'mii Ulmuhii'e 63685 (A: 21621) (U: 94786, M: 9480, 10.00%)",""
"02:53.001","Valigarmanda prepares  attack  on  Fedrea Reed 11200 (U: 13828)--19% damage",""
"02:53.981","Valigarmanda attack  Fedrea Reed 11200 (A: 20809) (U: 39520, M: 7511, 19.01%)",""
"02:56.033","Valigarmanda prepares  attack  on  Fedrea Reed 10619 (U: 13110)--19% damage",""
"02:57.016","Valigarmanda attack  Fedrea Reed 10619 (A: 19551) (U: 37248, M: 7078, 19.00%)",""
"02:59.071","Valigarmanda prepares  attack  on  Fedrea Reed 22681 (U: 28002)--19% damage",""
"02:59.071","Valigarmanda 6 prepares  Scourge of Thunder  on Flann Firebrand 8373 (U: 10338)--19% damage",""
"02:59.071","Valigarmanda 7 prepares  Scourge of Thunder  on  Hoshi Shoten 5649 (U: 6975)--19% damage",""
"02:59.071","Valigarmanda 5 prepares  Scourge of Thunder  on Nej'mii Ulmuhii'e 1143 (U: 1412)--19% damage",""
"02:59.071","Valigarmanda 8 prepares  Scourge of Thunder  on  Nephelia Sol'aria 16087 (U: 19861)--19% damage",""
"02:59.071","Valigarmanda 2 prepares  Scourge of Thunder  on Snow Wishzz 16433 (U: 20288)--19% damage",""
"02:59.071","Valigarmanda 3 prepares  Scourge of Thunder  on Seraphija Arinsia 18534 (U: 22882)--19% damage",""
"02:59.071","Valigarmanda 4 prepares  Scourge of Thunder  on  Fedrea Reed 33608 (U: 41492)--19% damage",""
"02:59.071","Valigarmanda 1 prepares  Scourge of Thunder  on  Varka Das'tral--19% damage",""
"02:59.248","Valigarmanda 6 Scourge of Thunder Flann Firebrand 8373 (A: 43014) (U: 63447, M: 12060, 19.01%)",""
"02:59.248","Valigarmanda 7 Scourge of Thunder  Hoshi Shoten 5649 (A: 40799) (U: 57351, M: 10903, 19.01%)",""
"02:59.248","Valigarmanda 5 Scourge of Thunder Nej'mii Ulmuhii'e 1143 (A: 44978) (U: 56976, M: 10855, 19.05%)",""
"02:59.248","Valigarmanda 8 Scourge of Thunder  Nephelia Sol'aria 16087 (A: 33242) (U: 60902, M: 11573, 19.00%)",""
"02:59.248","Valigarmanda 2 Scourge of Thunder Snow Wishzz 16433 (A: 33010) (U: 61042, M: 11599, 19.00%)",""
"02:59.250","Valigarmanda 3 Scourge of Thunder Seraphija Arinsia 18534 (A: 33557) (U: 64312, M: 12221, 19.00%)",""
"02:59.250","Valigarmanda 4 Scourge of Thunder  Fedrea Reed 33608 (U: 41492, M: 7884, 19.00%)",""
"02:59.250","Valigarmanda 1 Scourge of Thunder  Varka Das'tral (A: 32917)",""
"03:00.051","Valigarmanda attack  Fedrea Reed 22681 (A: 7099) (U: 36767, M: 6987, 19.00%)",""
"03:02.099","Valigarmanda prepares  attack  on  Fedrea Reed 32881 (U: 36535)--10% damage",""
"03:03.079","Valigarmanda attack  Fedrea Reed 32881 (U: 36535, M: 3654, 10.00%)",""
"03:07.934","Valigarmanda 1 prepares  Disaster Zone  on  Fedrea Reed 20615 (U: 24112)--14% damage",""
"03:07.934","Valigarmanda 1 prepares  Disaster Zone  on Snow Wishzz 43400 (U: 56401)--23% damage",""
"03:07.934","Valigarmanda 1 prepares  Disaster Zone  on  Hoshi Shoten 51166 (U: 59844)--14% damage",""
"03:07.934","Valigarmanda 1 prepares  Disaster Zone  on Seraphija Arinsia 51708 (U: 60478)--14% damage",""
"03:07.934","Valigarmanda 1 prepares  Disaster Zone  on Flann Firebrand 57069 (U: 66748)--14% damage",""
"03:07.934","Valigarmanda 1 prepares  Disaster Zone  on  Varka Das'tral 26052 (U: 30471)--14% damage",""
"03:07.934","Valigarmanda 1 prepares  Disaster Zone  on  Nephelia Sol'aria 42191 (U: 49347)--14% damage",""
"03:07.934","Valigarmanda 1 prepares  Disaster Zone  on Nej'mii Ulmuhii'e 36546 (U: 42744)--14% damage",""
"03:08.112","Valigarmanda 1 Disaster Zone  Fedrea Reed 20615 (A: 23346) (U: 51419, M: 7458, 14.50%)",""
"03:08.158","Valigarmanda 1 Disaster Zone Snow Wishzz 43400 (A: 16376) (U: 77683, M: 17907, 23.05%)",""
"03:08.202","Valigarmanda 1 Disaster Zone  Hoshi Shoten 51166 (A: 16434) (U: 79066, M: 11466, 14.50%)",""
"03:08.247","Valigarmanda 1 Disaster Zone Seraphija Arinsia 51708 (A: 16326) (U: 79573, M: 11539, 14.50%)",""
"03:08.291","Valigarmanda 1 Disaster Zone Flann Firebrand 57069 (A: 15948) (U: 85401, M: 12384, 14.50%)",""
"03:08.336","Valigarmanda 1 Disaster Zone  Varka Das'tral 26052 (A: 16772) (U: 50088, M: 7264, 14.50%)",""
"03:08.380","Valigarmanda 1 Disaster Zone  Nephelia Sol'aria 42191 (A: 26006) (U: 79764, M: 11567, 14.50%)",""
"03:08.424","Valigarmanda 1 Disaster Zone Nej'mii Ulmuhii'e 36546 (A: 25495) (U: 72563, M: 10522, 14.50%)",""
"03:16.210","Valigarmanda prepares  Ruin Foretold  on  Fedrea Reed 24871 (U: 34223)--27% damage",""
"03:16.210","Valigarmanda prepares  Ruin Foretold  on Flann Firebrand 51235 (U: 70499)--27% damage",""
"03:16.210","Valigarmanda prepares  Ruin Foretold  on  Hoshi Shoten 35092 (U: 48287)--27% damage",""
"03:16.210","Valigarmanda prepares  Ruin Foretold  on Snow Wishzz 47994 (U: 66040)--27% damage",""
"03:16.210","Valigarmanda prepares  Ruin Foretold  on Seraphija Arinsia 46346 (U: 63772)--27% damage",""
"03:16.210","Valigarmanda prepares  Ruin Foretold  on  Varka Das'tral 21526 (U: 29620)--27% damage",""
"03:16.210","Valigarmanda prepares  Ruin Foretold  on Nej'mii Ulmuhii'e 41434 (U: 57013)--27% damage",""
"03:16.210","Valigarmanda prepares  Ruin Foretold  on  Nephelia Sol'aria 41791 (U: 57504)--27% damage",""
"03:17.188","Valigarmanda Ruin Foretold  Fedrea Reed 24871 (A: 16358) (U: 56732, M: 15503, 27.33%)",""
"03:17.232","Valigarmanda Ruin Foretold Flann Firebrand 51235 (A: 15926) (U: 92414, M: 25253, 27.33%)",""
"03:17.276","Valigarmanda Ruin Foretold  Hoshi Shoten 35092 (A: 25693) (U: 83641, M: 22856, 27.33%)",""
"03:17.321","Valigarmanda Ruin Foretold Snow Wishzz 47994 (A: 16012) (U: 88073, M: 24067, 27.33%)",""
"03:17.365","Valigarmanda Ruin Foretold Seraphija Arinsia 46346 (A: 16423) (U: 86371, M: 23602, 27.33%)",""
"03:17.410","Valigarmanda Ruin Foretold  Varka Das'tral 21526 (A: 16189) (U: 51897, M: 14182, 27.33%)",""
"03:17.454","Valigarmanda Ruin Foretold Nej'mii Ulmuhii'e 41434 (A: 15955) (U: 78968, M: 21579, 27.33%)",""
"03:17.499","Valigarmanda Ruin Foretold  Nephelia Sol'aria 41791 (A: 16632) (U: 80390, M: 21967, 27.33%)",""
"03:25.476","Valigarmanda 2 prepares  Calamitous Cry  on Snow Wishzz 113158 (U: 125732)--5% damage",""
"03:25.476","Valigarmanda 2 prepares  Calamitous Cry  on  Varka Das'tral 32853 (U: 32853)+6% damage",""
"03:25.476","Valigarmanda 2 prepares  Calamitous Cry  on  Nephelia Sol'aria 50605 (U: 50605)+6% damage",""
"03:25.476","Valigarmanda 2 prepares  Calamitous Cry  on Nej'mii Ulmuhii'e 49489 (U: 49489)+6% damage",""
"03:25.476","Valigarmanda 1 prepares  Calamitous Cry  on  Fedrea Reed 73330 (U: 73330)+6% damage",""
"03:25.476","Valigarmanda 1 prepares  Calamitous Cry  on Flann Firebrand 52208 (U: 52208)+6% damage",""
"03:25.476","Valigarmanda 1 prepares  Calamitous Cry  on  Hoshi Shoten 48634 (U: 48634)+6% damage",""
"03:25.476","Valigarmanda 1 prepares  Calamitous Cry  on Seraphija Arinsia 53753 (U: 53753)+6% damage",""
"03:26.099","Valigarmanda 2 Calamitous Cry Snow Wishzz 113158 (U: 125732, M: 12574, 10.00%)",""
"03:26.099","Valigarmanda 1 Calamitous Cry  Fedrea Reed 73330 (A: 7607) (U: 80937)",""
"03:26.143","Valigarmanda 2 Calamitous Cry  Varka Das'tral 32853 (U: 32853)",""
"03:26.143","Valigarmanda 1 Calamitous Cry Flann Firebrand 52208 (U: 52208)",""
"03:26.188","Valigarmanda 2 Calamitous Cry  Nephelia Sol'aria 50605 (U: 50605)",""
"03:26.188","Valigarmanda 1 Calamitous Cry  Hoshi Shoten 48634 (U: 48634)",""
"03:26.233","Valigarmanda 2 Calamitous Cry Nej'mii Ulmuhii'e 49489 (U: 49489)",""
"03:26.233","Valigarmanda 1 Calamitous Cry Seraphija Arinsia 53753 (U: 53753)",""
"03:31.580","Valigarmanda 2 prepares  Calamitous Cry  on  Fedrea Reed 47457 (U: 52730)+1% damage",""
"03:31.580","Valigarmanda 2 prepares  Calamitous Cry  on Seraphija Arinsia 34673 (U: 38526)+1% damage",""
"03:31.580","Valigarmanda 2 prepares  Calamitous Cry  on Flann Firebrand 32417 (U: 36019)+1% damage",""
"03:31.580","Valigarmanda 2 prepares  Calamitous Cry  on  Hoshi Shoten 30254 (U: 33616)+1% damage",""
"03:31.580","Valigarmanda 1 prepares  Calamitous Cry  on  Varka Das'tral 28596 (U: 31774)+1% damage",""
"03:31.580","Valigarmanda 1 prepares  Calamitous Cry  on Snow Wishzz 44123 (U: 49026)+1% damage",""
"03:31.580","Valigarmanda 1 prepares  Calamitous Cry  on Nej'mii Ulmuhii'e 48377 (U: 53753)+1% damage",""
"03:31.580","Valigarmanda 1 prepares  Calamitous Cry  on  Nephelia Sol'aria 47196 (U: 52440)+1% damage",""
"03:32.204","Valigarmanda 2 Calamitous Cry  Fedrea Reed 47457 (A: 27626) (U: 83426, M: 8343, 10.00%)",""
"03:32.204","Valigarmanda 1 Calamitous Cry  Varka Das'tral 28596 (A: 45915) (U: 82792, M: 8281, 10.00%)",""
"03:32.247","Valigarmanda 2 Calamitous Cry Seraphija Arinsia 34673 (A: 18273) (U: 58830, M: 5884, 10.00%)",""
"03:32.247","Valigarmanda 1 Calamitous Cry Snow Wishzz 44123 (U: 49026, M: 4903, 10.00%)",""
"03:32.292","Valigarmanda 2 Calamitous Cry Flann Firebrand 32417 (A: 17780) (U: 55775, M: 5578, 10.00%)",""
"03:32.292","Valigarmanda 1 Calamitous Cry Nej'mii Ulmuhii'e 48377 (U: 53753, M: 5376, 10.00%)",""
"03:32.336","Valigarmanda 2 Calamitous Cry  Hoshi Shoten 30254 (A: 18284) (U: 53932, M: 5394, 10.00%)",""
"03:32.336","Valigarmanda 1 Calamitous Cry  Nephelia Sol'aria 47196 (U: 52440, M: 5244, 10.00%)",""
"03:37.636","Valigarmanda 2 prepares  Calamitous Cry  on  Fedrea Reed 61999 (U: 68888)+6% damage",""
"03:37.636","Valigarmanda 2 prepares  Calamitous Cry  on Flann Firebrand 45588 (U: 50654)+6% damage",""
"03:37.636","Valigarmanda 2 prepares  Calamitous Cry  on Seraphija Arinsia 44409 (U: 49344)+6% damage",""
"03:37.636","Valigarmanda 2 prepares  Calamitous Cry  on  Hoshi Shoten 41679 (U: 46310)+6% damage",""
"03:37.636","Valigarmanda 1 prepares  Calamitous Cry  on  Varka Das'tral 62607 (U: 69564)+6% damage",""
"03:37.636","Valigarmanda 1 prepares  Calamitous Cry  on Snow Wishzz 40074 (U: 44527)+6% damage",""
"03:37.636","Valigarmanda 1 prepares  Calamitous Cry  on Nej'mii Ulmuhii'e 38580 (U: 42867)+6% damage",""
"03:37.636","Valigarmanda 1 prepares  Calamitous Cry  on  Nephelia Sol'aria 41316 (U: 45907)+6% damage",""
"03:38.260","Valigarmanda 2 Calamitous Cry  Fedrea Reed 61999 (A: 20071) (U: 91190, M: 9120, 10.00%)",""
"03:38.260","Valigarmanda 1 Calamitous Cry  Varka Das'tral 62607 (A: 11623) (U: 82479, M: 8249, 10.00%)",""
"03:38.304","Valigarmanda 2 Calamitous Cry Flann Firebrand 45588 (A: 11623) (U: 63569, M: 6358, 10.00%)",""
"03:38.304","Valigarmanda 1 Calamitous Cry Snow Wishzz 40074 (A: 11623) (U: 57442, M: 5745, 10.00%)",""
"03:38.349","Valigarmanda 2 Calamitous Cry Seraphija Arinsia 44409 (A: 11623) (U: 62259, M: 6227, 10.00%)",""
"03:38.349","Valigarmanda 1 Calamitous Cry Nej'mii Ulmuhii'e 38580 (A: 11623) (U: 55782, M: 5579, 10.00%)",""
"03:38.393","Valigarmanda 2 Calamitous Cry  Hoshi Shoten 41679 (A: 11623) (U: 59225, M: 5923, 10.00%)",""
"03:38.393","Valigarmanda 1 Calamitous Cry  Nephelia Sol'aria 41316 (A: 11623) (U: 58822, M: 5883, 10.00%)",""
"03:43.693","Valigarmanda 2 prepares  Calamitous Cry  on  Varka Das'tral 81645 (U: 81645)+24% damage",""
"03:43.693","Valigarmanda 2 prepares  Calamitous Cry  on Snow Wishzz 45113 (U: 50126)+12% damage",""
"03:43.693","Valigarmanda 2 prepares  Calamitous Cry  on Nej'mii Ulmuhii'e 48517 (U: 48517)+24% damage",""
"03:43.693","Valigarmanda 2 prepares  Calamitous Cry  on  Nephelia Sol'aria 48925 (U: 48925)+24% damage",""
"03:43.693","Valigarmanda 1 prepares  Calamitous Cry  on  Fedrea Reed 79342 (U: 79342)+24% damage",""
"03:43.693","Valigarmanda 1 prepares  Calamitous Cry  on Seraphija Arinsia 53856 (U: 53856)+24% damage",""
"03:43.693","Valigarmanda 1 prepares  Calamitous Cry  on  Hoshi Shoten 47577 (U: 47577)+24% damage",""
"03:43.693","Valigarmanda 1 prepares  Calamitous Cry  on Flann Firebrand 54800 (U: 54800)+24% damage",""
"03:44.318","Valigarmanda 2 Calamitous Cry  Varka Das'tral 81645 (A: 11623) (U: 93268)",""
"03:44.318","Valigarmanda 1 Calamitous Cry  Fedrea Reed 79342 (A: 11623) (U: 90965)",""
"03:44.363","Valigarmanda 2 Calamitous Cry Snow Wishzz 45113 (A: 11623) (U: 63041, M: 6305, 10.00%)",""
"03:44.363","Valigarmanda 1 Calamitous Cry Seraphija Arinsia 53856 (A: 11623) (U: 65479)",""
"03:44.407","Valigarmanda 2 Calamitous Cry Nej'mii Ulmuhii'e 48517 (A: 11623) (U: 60140)",""
"03:44.408","Valigarmanda 1 Calamitous Cry  Hoshi Shoten 47577 (A: 11623) (U: 59200)",""
"03:44.452","Valigarmanda 2 Calamitous Cry  Nephelia Sol'aria 48925 (A: 11623) (U: 60548)",""
"03:44.452","Valigarmanda 1 Calamitous Cry Flann Firebrand 54800 (A: 11623) (U: 66423)",""
"03:49.749","Valigarmanda 2 prepares  Calamitous Cry  on  Fedrea Reed 50102 (U: 50102)+30% damage",""
"03:49.749","Valigarmanda 2 prepares  Calamitous Cry  on  Hoshi Shoten 34551 (U: 34551)+30% damage",""
"03:49.749","Valigarmanda 2 prepares  Calamitous Cry  on Seraphija Arinsia 36061 (U: 36061)+30% damage",""
"03:49.749","Valigarmanda 2 prepares  Calamitous Cry  on Flann Firebrand 41978 (U: 41978)+30% damage",""
"03:49.749","Valigarmanda 1 prepares  Calamitous Cry  on  Varka Das'tral 12866 (U: 14296)+17% damage",""
"03:49.749","Valigarmanda 1 prepares  Calamitous Cry  on Snow Wishzz 32164 (U: 32164)+30% damage",""
"03:49.749","Valigarmanda 1 prepares  Calamitous Cry  on Nej'mii Ulmuhii'e 32092 (U: 32092)+30% damage",""
"03:49.749","Valigarmanda 1 prepares  Calamitous Cry  on  Nephelia Sol'aria 31592 (U: 31592)+30% damage",""
"03:50.373","Valigarmanda 2 Calamitous Cry  Fedrea Reed 50102 (A: 36729) (U: 86831)",""
"03:50.373","Valigarmanda 1 Calamitous Cry  Varka Das'tral 12866 (A: 62593) (U: 83846, M: 8387, 10.00%)",""
"03:50.417","Valigarmanda 2 Calamitous Cry  Hoshi Shoten 34551 (A: 16549) (U: 51100)",""
"03:50.418","Valigarmanda 1 Calamitous Cry Snow Wishzz 32164 (A: 15825) (U: 47989)",""
"03:50.462","Valigarmanda 2 Calamitous Cry Seraphija Arinsia 36061 (A: 16444) (U: 52505)",""
"03:50.462","Valigarmanda 1 Calamitous Cry Nej'mii Ulmuhii'e 32092 (A: 16016) (U: 48108)",""
"03:50.507","Valigarmanda 2 Calamitous Cry Flann Firebrand 41978 (A: 16491) (U: 58469)",""
"03:50.507","Valigarmanda 1 Calamitous Cry  Nephelia Sol'aria 31592 (A: 16066) (U: 47658)",""
"04:06.999","Valigarmanda 1 prepares  Tulidisaster  on  Fedrea Reed 21439 (U: 23822)--10% damage",""
"04:06.999","Valigarmanda 1 prepares  Tulidisaster  on  Varka Das'tral 25953 (U: 28837)--10% damage",""
"04:06.999","Valigarmanda 1 prepares  Tulidisaster  on Snow Wishzz 37925 (U: 46821)--19% damage",""
"04:06.999","Valigarmanda 1 prepares  Tulidisaster  on  Hoshi Shoten 40942 (U: 45492)--10% damage",""
"04:06.999","Valigarmanda 1 prepares  Tulidisaster  on Seraphija Arinsia 52271 (U: 58079)--10% damage",""
"04:06.999","Valigarmanda 1 prepares  Tulidisaster  on Nej'mii Ulmuhii'e 50030 (U: 55589)--10% damage",""
"04:06.999","Valigarmanda 1 prepares  Tulidisaster  on  Nephelia Sol'aria 39563 (U: 43959)--10% damage",""
"04:06.999","Valigarmanda 1 prepares  Tulidisaster  on Flann Firebrand 55151 (U: 61279)--10% damage",""
"04:07.177","Valigarmanda 1 Tulidisaster  Fedrea Reed 21439 (A: 23387) (U: 49809, M: 4983, 10.00%)",""
"04:07.222","Valigarmanda 1 Tulidisaster  Varka Das'tral 25953 (A: 16707) (U: 47401, M: 4741, 10.00%)",""
"04:07.266","Valigarmanda 1 Tulidisaster Snow Wishzz 37925 (A: 25365) (U: 78136, M: 14846, 19.00%)",""
"04:07.310","Valigarmanda 1 Tulidisaster  Hoshi Shoten 40942 (A: 26161) (U: 74561, M: 7458, 10.00%)",""
"04:07.355","Valigarmanda 1 Tulidisaster Seraphija Arinsia 52271 (A: 16383) (U: 76283, M: 7629, 10.00%)",""
"04:07.400","Valigarmanda 1 Tulidisaster Nej'mii Ulmuhii'e 50030 (A: 16689) (U: 74133, M: 7414, 10.00%)",""
"04:07.445","Valigarmanda 1 Tulidisaster  Nephelia Sol'aria 39563 (A: 24908) (U: 71635, M: 7164, 10.00%)",""
"04:07.490","Valigarmanda 1 Tulidisaster Flann Firebrand 55151 (A: 16286) (U: 79375, M: 7938, 10.00%)",""
"04:15.517","Valigarmanda 1 prepares  Tulidisaster  on  Fedrea Reed 10588 (U: 10588)",""
"04:15.517","Valigarmanda 1 prepares  Tulidisaster  on Snow Wishzz 51410 (U: 51410)",""
"04:15.517","Valigarmanda 1 prepares  Tulidisaster  on  Varka Das'tral 15711 (U: 15711)",""
"04:15.517","Valigarmanda 1 prepares  Tulidisaster  on  Hoshi Shoten 48891 (U: 48891)",""
"04:15.517","Valigarmanda 1 prepares  Tulidisaster  on Nej'mii Ulmuhii'e 47901 (U: 47901)",""
"04:15.517","Valigarmanda 1 prepares  Tulidisaster  on  Nephelia Sol'aria 45607 (U: 45607)",""
"04:15.517","Valigarmanda 1 prepares  Tulidisaster  on Seraphija Arinsia 45678 (U: 45678)",""
"04:15.517","Valigarmanda 1 prepares  Tulidisaster  on Flann Firebrand 56148 (U: 56148)",""
"04:15.696","Valigarmanda 1 Tulidisaster  Fedrea Reed 10588 (A: 41640) (U: 52228)",""
"04:15.741","Valigarmanda 1 Tulidisaster Snow Wishzz 51410 (A: 29770) (U: 81180)",""
"04:15.786","Valigarmanda 1 Tulidisaster  Varka Das'tral 15711 (A: 34940) (U: 50651)",""
"04:15.830","Valigarmanda 1 Tulidisaster  Hoshi Shoten 48891 (A: 27026) (U: 75917)",""
"04:15.875","Valigarmanda 1 Tulidisaster Nej'mii Ulmuhii'e 47901 (A: 27854) (U: 75755)",""
"04:15.920","Valigarmanda 1 Tulidisaster  Nephelia Sol'aria 45607 (A: 28141) (U: 73748)",""
"04:15.965","Valigarmanda 1 Tulidisaster Seraphija Arinsia 45678 (A: 38279) (U: 83957)",""
"04:16.009","Valigarmanda 1 Tulidisaster Flann Firebrand 56148 (A: 29419) (U: 85567)",""
"04:23.501","Valigarmanda 1 prepares  Tulidisaster  on Snow Wishzz 52596 (U: 58440)--10% damage",""
"04:23.501","Valigarmanda 1 prepares  Tulidisaster  on  Fedrea Reed 39396 (U: 39396)",""
"04:23.501","Valigarmanda 1 prepares  Tulidisaster  on  Varka Das'tral 30008 (U: 30008)",""
"04:23.501","Valigarmanda 1 prepares  Tulidisaster  on Nej'mii Ulmuhii'e 53324 (U: 53324)",""
"04:23.501","Valigarmanda 1 prepares  Tulidisaster  on  Nephelia Sol'aria 58842 (U: 58842)",""
"04:23.501","Valigarmanda 1 prepares  Tulidisaster  on Seraphija Arinsia 67515 (U: 67515)",""
"04:23.501","Valigarmanda 1 prepares  Tulidisaster  on  Hoshi Shoten 60637 (U: 60637)",""
"04:23.501","Valigarmanda 1 prepares  Tulidisaster  on Flann Firebrand 65722 (U: 65722)",""
"04:23.680","Valigarmanda 1 Tulidisaster Snow Wishzz 52596 (A: 24685) (U: 85868, M: 8587, 10.00%)",""
"04:23.724","Valigarmanda 1 Tulidisaster  Fedrea Reed 39396 (A: 16286) (U: 55682)",""
"04:23.769","Valigarmanda 1 Tulidisaster  Varka Das'tral 30008 (A: 24642) (U: 54650)",""
"04:23.814","Valigarmanda 1 Tulidisaster Nej'mii Ulmuhii'e 53324 (A: 25092) (U: 78416)",""
"04:23.858","Valigarmanda 1 Tulidisaster  Nephelia Sol'aria 58842 (A: 25686) (U: 84528)",""
"04:23.903","Valigarmanda 1 Tulidisaster Seraphija Arinsia 67515 (A: 16495) (U: 84010)",""
"04:23.947","Valigarmanda 1 Tulidisaster  Hoshi Shoten 60637 (A: 25563) (U: 86200)",""
"04:23.991","Valigarmanda 1 Tulidisaster Flann Firebrand 65722 (A: 25862) (U: 91584)",""
"04:24.793","Multiple Enemies Combined DoTs Snow Wishzz Tick  5188 (U: 5188)",""
"04:24.793","Environment Perpetual Conflagration Snow Wishzz Tick  5188 (U: 5188) (T: 1, C: 0%, D: 0.0%, P/R: 1.00, G: 1.00, M: 1, S: 1)",""
"04:24.793","Multiple Enemies Combined DoTs Seraphija Arinsia Tick  4890 (U: 4890)",""
"04:24.793","Environment Perpetual Conflagration Seraphija Arinsia Tick  4890 (U: 4890) (T: 1, C: 0%, D: 0.0%, P/R: 1.00, G: 1.00, M: 1, S: 1)",""
"04:24.971","Multiple Enemies Combined DoTs  Nephelia Sol'aria Tick  5026 (U: 5026)",""
"04:24.971","Environment Perpetual Conflagration  Nephelia Sol'aria Tick  5026 (U: 5026) (T: 1, C: 0%, D: 0.0%, P/R: 1.00, G: 1.00, M: 1, S: 1)",""
"04:24.971","Multiple Enemies Combined DoTs Flann Firebrand Tick  4903 (U: 4903)",""
"04:24.971","Environment Perpetual Conflagration Flann Firebrand Tick  4903 (U: 4903) (T: 1, C: 0%, D: 0.0%, P/R: 1.00, G: 1.00, M: 1, S: 1)",""
"04:25.016","Multiple Enemies Combined DoTs Nej'mii Ulmuhii'e Tick  5195 (U: 5195)",""
"04:25.016","Environment Perpetual Conflagration Nej'mii Ulmuhii'e Tick  5195 (U: 5195) (T: 1, C: 0%, D: 0.0%, P/R: 1.00, G: 1.00, M: 1, S: 1)",""
"04:25.016","Multiple Enemies Combined DoTs  Hoshi Shoten Tick  5004 (U: 5004)",""
"04:25.016","Environment Perpetual Conflagration  Hoshi Shoten Tick  5004 (U: 5004) (T: 1, C: 0%, D: 0.0%, P/R: 1.00, G: 1.00, M: 1, S: 1)",""
"04:25.060","Multiple Enemies Combined DoTs  Varka Das'tral Tick  5051 (U: 5051)",""
"04:25.060","Environment Perpetual Conflagration  Varka Das'tral Tick  5051 (U: 5051) (T: 1, C: 0%, D: 0.0%, P/R: 1.00, G: 1.00, M: 1, S: 1)",""
"04:25.105","Multiple Enemies Combined DoTs  Fedrea Reed Tick  5113 (U: 5113)",""
"04:25.105","Environment Perpetual Conflagration  Fedrea Reed Tick  5113 (U: 5113) (T: 1, C: 0%, D: 0.0%, P/R: 1.00, G: 1.00, M: 1, S: 1)",""
"04:27.823","Multiple Enemies Combined DoTs Seraphija Arinsia Tick  5025 (U: 5025)",""
"04:27.823","Environment Perpetual Conflagration Seraphija Arinsia Tick  5025 (U: 5025) (T: 1, C: 0%, D: 0.0%, P/R: 1.00, G: 1.00, M: 1, S: 1)",""
"04:27.823","Multiple Enemies Combined DoTs Snow Wishzz Tick  5137 (U: 5137)",""
"04:27.823","Environment Perpetual Conflagration Snow Wishzz Tick  5137 (U: 5137) (T: 1, C: 0%, D: 0.0%, P/R: 1.00, G: 1.00, M: 1, S: 1)",""
"04:28.002","Multiple Enemies Combined DoTs  Nephelia Sol'aria Tick  4929 (U: 4929)",""
"04:28.002","Environment Perpetual Conflagration  Nephelia Sol'aria Tick  4929 (U: 4929) (T: 1, C: 0%, D: 0.0%, P/R: 1.00, G: 1.00, M: 1, S: 1)",""
"04:28.002","Multiple Enemies Combined DoTs Flann Firebrand Tick  4932 (U: 4932)",""
"04:28.002","Environment Perpetual Conflagration Flann Firebrand Tick  4932 (U: 4932) (T: 1, C: 0%, D: 0.0%, P/R: 1.00, G: 1.00, M: 1, S: 1)",""
"04:28.046","Multiple Enemies Combined DoTs  Hoshi Shoten Tick  4895 (U: 4895)",""
"04:28.046","Environment Perpetual Conflagration  Hoshi Shoten Tick  4895 (U: 4895) (T: 1, C: 0%, D: 0.0%, P/R: 1.00, G: 1.00, M: 1, S: 1)",""
"04:28.046","Multiple Enemies Combined DoTs Nej'mii Ulmuhii'e Tick  5170 (U: 5170)",""
"04:28.046","Environment Perpetual Conflagration Nej'mii Ulmuhii'e Tick  5170 (U: 5170) (T: 1, C: 0%, D: 0.0%, P/R: 1.00, G: 1.00, M: 1, S: 1)",""
"04:28.091","Multiple Enemies Combined DoTs  Varka Das'tral Tick  4838 (U: 4838)",""
"04:28.091","Environment Perpetual Conflagration  Varka Das'tral Tick  4838 (U: 4838) (T: 1, C: 0%, D: 0.0%, P/R: 1.00, G: 1.00, M: 1, S: 1)",""
"04:28.137","Multiple Enemies Combined DoTs  Fedrea Reed Tick  5018 (U: 5018)",""
"04:28.137","Environment Perpetual Conflagration  Fedrea Reed Tick  5018 (U: 5018) (T: 1, C: 0%, D: 0.0%, P/R: 1.00, G: 1.00, M: 1, S: 1)",""
"04:30.814","Multiple Enemies Combined DoTs Seraphija Arinsia Tick  (A: 5292)",""
"04:30.814","Environment Perpetual Conflagration Seraphija Arinsia Tick  (A: 5292) (T: 1, C: 0%, D: 0.0%, P/R: 1.00, G: 1.00, M: 1, S: 1)",""
"04:30.814","Multiple Enemies Combined DoTs Snow Wishzz Tick  (A: 5427)",""
"04:30.814","Environment Perpetual Conflagration Snow Wishzz Tick  (A: 5427) (T: 1, C: 0%, D: 0.0%, P/R: 1.00, G: 1.00, M: 1, S: 1)",""
"04:30.994","Multiple Enemies Combined DoTs  Nephelia Sol'aria Tick  (A: 5716)",""
"04:30.994","Environment Perpetual Conflagration  Nephelia Sol'aria Tick  (A: 5716) (T: 1, C: 0%, D: 0.0%, P/R: 1.00, G: 1.00, M: 1, S: 1)",""
"04:30.994","Multiple Enemies Combined DoTs Flann Firebrand Tick  (A: 5284)",""
"04:30.994","Environment Perpetual Conflagration Flann Firebrand Tick  (A: 5284) (T: 1, C: 0%, D: 0.0%, P/R: 1.00, G: 1.00, M: 1, S: 1)",""
"04:31.038","Multiple Enemies Combined DoTs  Hoshi Shoten Tick  (A: 5878)",""
"04:31.038","Environment Perpetual Conflagration  Hoshi Shoten Tick  (A: 5878) (T: 1, C: 0%, D: 0.0%, P/R: 1.00, G: 1.00, M: 1, S: 1)",""
"04:31.038","Multiple Enemies Combined DoTs Nej'mii Ulmuhii'e Tick  (A: 5842)",""
"04:31.038","Environment Perpetual Conflagration Nej'mii Ulmuhii'e Tick  (A: 5842) (T: 1, C: 0%, D: 0.0%, P/R: 1.00, G: 1.00, M: 1, S: 1)",""
"04:31.083","Multiple Enemies Combined DoTs  Varka Das'tral Tick  (A: 6725)",""
"04:31.083","Environment Perpetual Conflagration  Varka Das'tral Tick  (A: 6725) (T: 1, C: 0%, D: 0.0%, P/R: 1.00, G: 1.00, M: 1, S: 1)",""
"04:31.128","Multiple Enemies Combined DoTs  Fedrea Reed Tick  (A: 5663)",""
"04:31.128","Environment Perpetual Conflagration  Fedrea Reed Tick  (A: 5663) (T: 1, C: 0%, D: 0.0%, P/R: 1.00, G: 1.00, M: 1, S: 1)",""
"04:33.803","Multiple Enemies Combined DoTs Seraphija Arinsia Tick  (A: 5292)",""
"04:33.803","Environment Perpetual Conflagration Seraphija Arinsia Tick  (A: 5292) (T: 1, C: 0%, D: 0.0%, P/R: 1.00, G: 1.00, M: 1, S: 1)",""
"04:33.803","Multiple Enemies Combined DoTs Snow Wishzz Tick  (A: 5427)",""
"04:33.803","Environment Perpetual Conflagration Snow Wishzz Tick  (A: 5427) (T: 1, C: 0%, D: 0.0%, P/R: 1.00, G: 1.00, M: 1, S: 1)",""
"04:33.983","Multiple Enemies Combined DoTs  Nephelia Sol'aria Tick  (A: 5716)",""
"04:33.983","Environment Perpetual Conflagration  Nephelia Sol'aria Tick  (A: 5716) (T: 1, C: 0%, D: 0.0%, P/R: 1.00, G: 1.00, M: 1, S: 1)",""
"04:33.983","Multiple Enemies Combined DoTs Flann Firebrand Tick  (A: 5284)",""
"04:33.983","Environment Perpetual Conflagration Flann Firebrand Tick  (A: 5284) (T: 1, C: 0%, D: 0.0%, P/R: 1.00, G: 1.00, M: 1, S: 1)",""
"04:34.028","Multiple Enemies Combined DoTs  Hoshi Shoten Tick  (A: 5878)",""
"04:34.028","Environment Perpetual Conflagration  Hoshi Shoten Tick  (A: 5878) (T: 1, C: 0%, D: 0.0%, P/R: 1.00, G: 1.00, M: 1, S: 1)",""
"04:34.028","Multiple Enemies Combined DoTs Nej'mii Ulmuhii'e Tick  (A: 5842)",""
"04:34.028","Environment Perpetual Conflagration Nej'mii Ulmuhii'e Tick  (A: 5842) (T: 1, C: 0%, D: 0.0%, P/R: 1.00, G: 1.00, M: 1, S: 1)",""
"04:34.072","Multiple Enemies Combined DoTs  Varka Das'tral Tick  (A: 6725)",""
"04:34.072","Environment Perpetual Conflagration  Varka Das'tral Tick  (A: 6725) (T: 1, C: 0%, D: 0.0%, P/R: 1.00, G: 1.00, M: 1, S: 1)",""
"04:34.117","Multiple Enemies Combined DoTs  Fedrea Reed Tick  (A: 5663)",""
"04:34.117","Environment Perpetual Conflagration  Fedrea Reed Tick  (A: 5663) (T: 1, C: 0%, D: 0.0%, P/R: 1.00, G: 1.00, M: 1, S: 1)",""
"04:36.791","Multiple Enemies Combined DoTs Seraphija Arinsia Tick  (A: 5292)",""
"04:36.791","Environment Perpetual Conflagration Seraphija Arinsia Tick  (A: 5292) (T: 1, C: 0%, D: 0.0%, P/R: 1.00, G: 1.00, M: 1, S: 1)",""
"04:36.791","Multiple Enemies Combined DoTs Snow Wishzz Tick  (A: 5427)",""
"04:36.791","Environment Perpetual Conflagration Snow Wishzz Tick  (A: 5427) (T: 1, C: 0%, D: 0.0%, P/R: 1.00, G: 1.00, M: 1, S: 1)",""
"04:36.970","Multiple Enemies Combined DoTs  Nephelia Sol'aria Tick  (A: 4735)",""
"04:36.970","Environment Perpetual Conflagration  Nephelia Sol'aria Tick  (A: 4735) (T: 1, C: 0%, D: 0.0%, P/R: 1.00, G: 1.00, M: 1, S: 1)",""
"04:36.970","Multiple Enemies Combined DoTs Flann Firebrand Tick  (A: 5284)",""
"04:36.970","Environment Perpetual Conflagration Flann Firebrand Tick  (A: 5284) (T: 1, C: 0%, D: 0.0%, P/R: 1.00, G: 1.00, M: 1, S: 1)",""
"04:37.014","Multiple Enemies Combined DoTs  Hoshi Shoten Tick  (A: 5878)",""
"04:37.014","Environment Perpetual Conflagration  Hoshi Shoten Tick  (A: 5878) (T: 1, C: 0%, D: 0.0%, P/R: 1.00, G: 1.00, M: 1, S: 1)",""
"04:37.014","Multiple Enemies Combined DoTs Nej'mii Ulmuhii'e Tick  (A: 4174)",""
"04:37.014","Environment Perpetual Conflagration Nej'mii Ulmuhii'e Tick  (A: 4174) (T: 1, C: 0%, D: 0.0%, P/R: 1.00, G: 1.00, M: 1, S: 1)",""
"04:37.059","Multiple Enemies Combined DoTs  Varka Das'tral Tick  (A: 2426)",""
"04:37.059","Environment Perpetual Conflagration  Varka Das'tral Tick  (A: 2426) (T: 1, C: 0%, D: 0.0%, P/R: 1.00, G: 1.00, M: 1, S: 1)",""
"04:37.103","Multiple Enemies Combined DoTs  Fedrea Reed Tick  (A: 4607)",""
"04:37.103","Environment Perpetual Conflagration  Fedrea Reed Tick  (A: 4607) (T: 1, C: 0%, D: 0.0%, P/R: 1.00, G: 1.00, M: 1, S: 1)",""
"04:38.438","Valigarmanda 1 prepares  Skyruin  on Snow Wishzz 54312 (U: 60347)--10% damage",""
"04:38.438","Valigarmanda 1 prepares  Skyruin  on  Varka Das'tral 40213 (U: 40213)",""
"04:38.438","Valigarmanda 1 prepares  Skyruin  on  Fedrea Reed 45308 (U: 45308)",""
"04:38.438","Valigarmanda 1 prepares  Skyruin  on  Hoshi Shoten 53203 (U: 53203)",""
"04:38.438","Valigarmanda 1 prepares  Skyruin  on Seraphija Arinsia 60860 (U: 60860)",""
"04:38.438","Valigarmanda 1 prepares  Skyruin  on Flann Firebrand 60884 (U: 60884)",""
"04:38.438","Valigarmanda 1 prepares  Skyruin  on  Nephelia Sol'aria 63003 (U: 63003)",""
"04:38.438","Valigarmanda 1 prepares  Skyruin  on Nej'mii Ulmuhii'e 67711 (U: 67711)",""
"04:38.616","Valigarmanda 1 Skyruin Snow Wishzz 54312 (A: 9009) (U: 70358, M: 7037, 10.00%)",""
"04:38.660","Valigarmanda 1 Skyruin  Varka Das'tral 40213 (U: 40213)",""
"04:38.705","Valigarmanda 1 Skyruin  Fedrea Reed 45308 (U: 45308)",""
"04:38.750","Valigarmanda 1 Skyruin  Hoshi Shoten 53203 (A: 7684) (U: 60887)",""
"04:38.794","Valigarmanda 1 Skyruin Seraphija Arinsia 60860 (A: 9781) (U: 70641)",""
"04:38.838","Valigarmanda 1 Skyruin Flann Firebrand 60884 (A: 9229) (U: 70113)",""
"04:38.882","Valigarmanda 1 Skyruin  Nephelia Sol'aria 63003 (U: 63003)",""
"04:38.927","Valigarmanda 1 Skyruin Nej'mii Ulmuhii'e 67711 (U: 67711)",""
"04:39.817","Multiple Enemies Combined DoTs Seraphija Arinsia Tick  16383 (U: 16383)",""
"04:39.817","Environment Perpetual Conflagration Seraphija Arinsia Tick  8192 (U: 8192) (T: 1, C: 0%, D: 0.0%, P/R: 1.00, G: 1.00, M: 1, S: 1)",""
"04:39.817","Valigarmanda 1 Electrocution Seraphija Arinsia Tick  8191 (U: 8191) (T: 41, C: 25.6%, D: 0.0%, P/R: 1.00, G: 1.00, M: 1, S: 47)",""
"04:39.817","Multiple Enemies Combined DoTs Snow Wishzz Tick  15951 (U: 15951)",""
"04:39.817","Environment Perpetual Conflagration Snow Wishzz Tick  7976 (U: 7976) (T: 1, C: 0%, D: 0.0%, P/R: 1.00, G: 1.00, M: 1, S: 1)",""
"04:39.817","Valigarmanda 1 Electrocution Snow Wishzz Tick  7975 (U: 8862) (T: 41, C: 25.6%, D: 0.0%, P/R: 1.00, G: 0.90, M: 0.9, S: 47)--10% damage",""
"04:39.995","Multiple Enemies Combined DoTs  Nephelia Sol'aria Tick  15250 (U: 15250)",""
"04:39.995","Environment Perpetual Conflagration  Nephelia Sol'aria Tick  7625 (U: 7625) (T: 1, C: 0%, D: 0.0%, P/R: 1.00, G: 1.00, M: 1, S: 1)",""
"04:39.995","Valigarmanda 1 Electrocution  Nephelia Sol'aria Tick  7625 (U: 7625) (T: 135, C: 25.6%, D: 0.0%, P/R: 1.00, G: 1.00, M: 1, S: 155)",""
"04:39.995","Multiple Enemies Combined DoTs Flann Firebrand Tick  16349 (U: 16349)",""
"04:39.995","Environment Perpetual Conflagration Flann Firebrand Tick  8175 (U: 8175) (T: 1, C: 0%, D: 0.0%, P/R: 1.00, G: 1.00, M: 1, S: 1)",""
"04:39.995","Valigarmanda 1 Electrocution Flann Firebrand Tick  8174 (U: 8174) (T: 175, C: 25.6%, D: 0.0%, P/R: 1.00, G: 1.00, M: 1, S: 202)",""
"04:40.040","Multiple Enemies Combined DoTs  Hoshi Shoten Tick  15992 (U: 15992)",""
"04:40.040","Environment Perpetual Conflagration  Hoshi Shoten Tick  7996 (U: 7996) (T: 1, C: 0%, D: 0.0%, P/R: 1.00, G: 1.00, M: 1, S: 1)",""
"04:40.040","Valigarmanda 1 Electrocution  Hoshi Shoten Tick  7996 (U: 7996) (T: 13, C: 25.6%, D: 0.0%, P/R: 1.00, G: 1.00, M: 1, S: 15)",""
"04:40.040","Multiple Enemies Combined DoTs Nej'mii Ulmuhii'e Tick  15988 (U: 15988)",""
"04:40.040","Environment Perpetual Conflagration Nej'mii Ulmuhii'e Tick  7994 (U: 7994) (T: 1, C: 0%, D: 0.0%, P/R: 1.00, G: 1.00, M: 1, S: 1)",""
"04:40.040","Valigarmanda 1 Electrocution Nej'mii Ulmuhii'e Tick  7994 (U: 7994) (T: 135, C: 25.6%, D: 0.0%, P/R: 1.00, G: 1.00, M: 1, S: 155)",""
"04:40.085","Multiple Enemies Combined DoTs  Varka Das'tral Tick  11823 (U: 11823)",""
"04:40.085","Environment Perpetual Conflagration  Varka Das'tral Tick  5912 (U: 5912) (T: 1, C: 0%, D: 0.0%, P/R: 1.00, G: 1.00, M: 1, S: 1)",""
"04:40.085","Valigarmanda 1 Electrocution  Varka Das'tral Tick  5911 (U: 5911) (T: 133, C: 25.6%, D: 0.0%, P/R: 1.00, G: 1.00, M: 1, S: 153)",""
"04:40.129","Multiple Enemies Combined DoTs  Fedrea Reed Tick  5128 (A: 7159) (U: 12287)",""
"04:40.129","Environment Perpetual Conflagration  Fedrea Reed Tick  2564 (A: 3580) (U: 6144) (T: 1, C: 0%, D: 0.0%, P/R: 1.00, G: 1.00, M: 1, S: 1)",""
"04:40.129","Valigarmanda 1 Electrocution  Fedrea Reed Tick  2564 (A: 3579) (U: 6143) (T: 228, C: 25.6%, D: 0.0%, P/R: 1.00, G: 1.00, M: 1, S: 263)",""
"04:41.065","Valigarmanda prepares  attack  on  Fedrea Reed 35083 (U: 38982)--10% damage",""
"04:42.045","Valigarmanda attack  Fedrea Reed 35083 (U: 38982, M: 3899, 10.00%)",""
"04:42.799","Multiple Enemies Combined DoTs Seraphija Arinsia Tick  (A: 13533)",""
"04:42.799","Environment Perpetual Conflagration Seraphija Arinsia Tick  (A: 6767) (T: 1, C: 0%, D: 0.0%, P/R: 1.00, G: 1.00, M: 1, S: 1)",""
"04:42.799","Valigarmanda 1 Electrocution Seraphija Arinsia Tick  (A: 6766) (T: 41, C: 25.6%, D: 0.0%, P/R: 1.00, G: 1.00, M: 1, S: 47)",""
"04:42.799","Multiple Enemies Combined DoTs Snow Wishzz Tick  (A: 12756)",""
"04:42.799","Environment Perpetual Conflagration Snow Wishzz Tick  (A: 6378) (T: 1, C: 0%, D: 0.0%, P/R: 1.00, G: 1.00, M: 1, S: 1)",""
"04:42.799","Valigarmanda 1 Electrocution Snow Wishzz Tick  (A: 6378) (T: 41, C: 25.6%, D: 0.0%, P/R: 1.00, G: 0.90, M: 0.9, S: 47)--10% damage",""
"04:42.976","Multiple Enemies Combined DoTs  Nephelia Sol'aria Tick  (A: 12835)",""
"04:42.976","Environment Perpetual Conflagration  Nephelia Sol'aria Tick  (A: 6418) (T: 1, C: 0%, D: 0.0%, P/R: 1.00, G: 1.00, M: 1, S: 1)",""
"04:42.976","Valigarmanda 1 Electrocution  Nephelia Sol'aria Tick  (A: 6417) (T: 135, C: 25.6%, D: 0.0%, P/R: 1.00, G: 1.00, M: 1, S: 155)",""
"04:42.976","Multiple Enemies Combined DoTs Flann Firebrand Tick  (A: 12358)",""
"04:42.976","Environment Perpetual Conflagration Flann Firebrand Tick  (A: 6179) (T: 1, C: 0%, D: 0.0%, P/R: 1.00, G: 1.00, M: 1, S: 1)",""
"04:42.976","Valigarmanda 1 Electrocution Flann Firebrand Tick  (A: 6179) (T: 175, C: 25.6%, D: 0.0%, P/R: 1.00, G: 1.00, M: 1, S: 202)",""
"04:43.021","Multiple Enemies Combined DoTs  Hoshi Shoten Tick  (A: 13248)",""
"04:43.021","Environment Perpetual Conflagration  Hoshi Shoten Tick  (A: 6624) (T: 1, C: 0%, D: 0.0%, P/R: 1.00, G: 1.00, M: 1, S: 1)",""
"04:43.021","Valigarmanda 1 Electrocution  Hoshi Shoten Tick  (A: 6624) (T: 13, C: 25.6%, D: 0.0%, P/R: 1.00, G: 1.00, M: 1, S: 15)",""
"04:43.021","Multiple Enemies Combined DoTs Nej'mii Ulmuhii'e Tick  (A: 13159)",""
"04:43.021","Environment Perpetual Conflagration Nej'mii Ulmuhii'e Tick  (A: 6580) (T: 1, C: 0%, D: 0.0%, P/R: 1.00, G: 1.00, M: 1, S: 1)",""
"04:43.021","Valigarmanda 1 Electrocution Nej'mii Ulmuhii'e Tick  (A: 6579) (T: 135, C: 25.6%, D: 0.0%, P/R: 1.00, G: 1.00, M: 1, S: 155)",""
"04:43.066","Multiple Enemies Combined DoTs  Varka Das'tral Tick  (A: 12736)",""
"04:43.066","Environment Perpetual Conflagration  Varka Das'tral Tick  (A: 6368) (T: 1, C: 0%, D: 0.0%, P/R: 1.00, G: 1.00, M: 1, S: 1)",""
"04:43.066","Valigarmanda 1 Electrocution  Varka Das'tral Tick  (A: 6368) (T: 133, C: 25.6%, D: 0.0%, P/R: 1.00, G: 1.00, M: 1, S: 153)",""
"04:43.111","Multiple Enemies Combined DoTs  Fedrea Reed Tick  (A: 11840)",""
"04:43.111","Environment Perpetual Conflagration  Fedrea Reed Tick  (A: 5920) (T: 1, C: 0%, D: 0.0%, P/R: 1.00, G: 1.00, M: 1, S: 1)",""
"04:43.111","Valigarmanda 1 Electrocution  Fedrea Reed Tick  (A: 5920) (T: 228, C: 25.6%, D: 0.0%, P/R: 1.00, G: 1.00, M: 1, S: 263)",""